[
  {
    "fileName": "array-concat.js",
    "title": "JavaScript: Array.concat()",
    "type": "js"
  },
  {
    "fileName": "array-copywithin.js",
    "title": "JavaScript: Array.copyWithin()",
    "type": "js"
  },
  {
    "fileName": "array-entries.js",
    "title": "JavaScript: Array.entries()",
    "type": "js"
  },
  {
    "fileName": "array-every.js",
    "title": "JavaScript: Array.every()",
    "type": "js"
  },
  {
    "fileName": "array-fill.js",
    "title": "JavaScript: Array.fill()",
    "type": "js"
  },
  {
    "fileName": "array-filter.js",
    "title": "JavaScript: Array.filter()",
    "type": "js"
  },
  {
    "fileName": "array-find.js",
    "title": "JavaScript: Array.find()",
    "type": "js"
  },
  {
    "fileName": "array-findindex.js",
    "title": "JavaScript: Array.findIndex()",
    "type": "js"
  },
  {
    "fileName": "array-foreach.js",
    "title": "JavaScript: Array.forEach()",
    "type": "js"
  },
  {
    "fileName": "array-from.js",
    "title": "JavaScript: Array.from()",
    "type": "js"
  },
  {
    "fileName": "array-includes.js",
    "title": "JavaScript: Array.includes()",
    "type": "js"
  },
  {
    "fileName": "array-indexof.js",
    "title": "JavaScript: Array.indexOf()",
    "type": "js"
  },
  {
    "fileName": "array-join.js",
    "title": "JavaScript: Array.join()",
    "type": "js"
  },
  {
    "fileName": "array-keys.js",
    "title": "JavaScript: Array.keys()",
    "type": "js"
  },
  {
    "fileName": "array-lastindexof.js",
    "title": "JavaScript: Array.lastIndexOf()",
    "type": "js"
  },
  {
    "fileName": "array-length.js",
    "title": "JavaScript: Array.length",
    "type": "js"
  },
  {
    "fileName": "array-map.js",
    "title": "JavaScript: Array.map()",
    "type": "js"
  },
  {
    "fileName": "array-push.js",
    "title": "JavaScript: Array.push()",
    "type": "js"
  },
  {
    "fileName": "array-pop.js",
    "title": "JavaScript: Array.pop()",
    "type": "js"
  },
  {
    "fileName": "array-reduce-right.js",
    "title": "JavaScript: Array.reduceRight()",
    "type": "js"
  },
  {
    "fileName": "array-reduce.js",
    "title": "JavaScript: Array.reduce()",
    "type": "js"
  },
  {
    "fileName": "array-reverse.js",
    "title": "JavaScript: Array.reverse()",
    "type": "js"
  },
  {
    "fileName": "array-shift.js",
    "title": "JavaScript: Array.shift()",
    "type": "js"
  },
  {
    "fileName": "array-slice.js",
    "title": "JavaScript: Array.slice()",
    "type": "js"
  },
  {
    "fileName": "array-some.js",
    "title": "JavaScript: Array.some()",
    "type": "js"
  },
  {
    "fileName": "array-sort.js",
    "title": "JavaScript: Array.sort()",
    "type": "js"
  },
  {
    "fileName": "array-splice.js",
    "title": "JavaScript: Array.splice()",
    "type": "js"
  },
  {
    "fileName": "array-tolocalestring.js",
    "title": "JavaScript: Array.toLocaleString()",
    "type": "js"
  },
  {
    "fileName": "array-tostring.js",
    "title": "JavaScript: Array.toString()",
    "type": "js"
  },
  {
    "fileName": "array-unshift.js",
    "title": "JavaScript: Array.unshift()",
    "type": "js"
  },
  {
    "fileName": "array-values.js",
    "title": "JavaScript: Array.values()",
    "type": "js"
  }
]