[
  {
    "fileName": "statement-async.js",
    "title": "JavaScript: Statement - Async",
    "type": "js"
  },
  {
    "fileName": "statement-async-for-in.js",
    "title": "JavaScript: Statement - Async For In",
    "type": "js"
  },
  {
    "fileName": "statement-async-function-asterisk.js",
    "title": "JavaScript: Statement - Async Function Asterisk",
    "type": "js"
  },
  {
    "fileName": "statement-block.js",
    "title": "JavaScript: Statement - Block",
    "type": "js"
  },
  {
    "fileName": "statement-break.js",
    "title": "JavaScript: Statement - Break",
    "type": "js"
  },
  {
    "fileName": "statement-class.js",
    "title": "JavaScript: Statement - Class",
    "type": "js"
  },
  {
    "fileName": "statement-const.js",
    "title": "JavaScript: Statement - Const",
    "type": "js"
  },
  {
    "fileName": "statement-continue.js",
    "title": "JavaScript: Statement - Continue",
    "type": "js"
  },
  {
    "fileName": "statement-default.js",
    "title": "JavaScript: Statement - Default",
    "type": "js"
  },
  {
    "fileName": "statement-dowhile.js",
    "title": "JavaScript: Statement - Do...While",
    "type": "js"
  },
  {
    "fileName": "statement-empty.js",
    "title": "JavaScript: Statement - Empty",
    "type": "js"
  },
  {
    "fileName": "statement-for.js",
    "title": "JavaScript: Statement - For",
    "type": "js"
  },
  {
    "fileName": "statement-forin.js",
    "title": "JavaScript: Statement - For...In",
    "type": "js"
  },
  {
    "fileName": "statement-forof.js",
    "title": "JavaScript: Statement - For...Of",
    "type": "js"
  },
  {
    "fileName": "statement-function.js",
    "title": "JavaScript: Statement - Function",
    "type": "js"
  },
  {
    "fileName": "statement-functionasterisk.js",
    "title": "JavaScript: Statement - Function*",
    "type": "js"
  },
  {
    "fileName": "statement-ifelse.js",
    "title": "JavaScript: Statement - If...Else",
    "type": "js"
  },
  {
    "fileName": "statement-label.js",
    "title": "JavaScript: Statement - Label",
    "type": "js"
  },
  {
    "fileName": "statement-let.js",
    "title": "JavaScript: Statement - Let",
    "type": "js"
  },
  {
    "fileName": "statement-return.js",
    "title": "JavaScript: Statement - Return",
    "type": "js"
  },
  {
    "fileName": "statement-switch.js",
    "title": "JavaScript: Statement - Switch",
    "type": "js"
  },
  {
    "fileName": "statement-throw.js",
    "title": "JavaScript: Statement - Throw",
    "type": "js"
  },
  {
    "fileName": "statement-trycatch.js",
    "title": "JavaScript: Statement - Try...Catch",
    "type": "js"
  },
  {
    "fileName": "statement-var.js",
    "title": "JavaScript: Statement - Var",
    "type": "js"
  },
  {
    "fileName": "statement-while.js",
    "title": "JavaScript: Statement - While",
    "type": "js"
  }
]