[
  {
    "fileName": "regexp-constructor.js",
    "title": "JavaScript: RegExp Constructor",
    "type": "js"
  },
  {
    "fileName": "regexp-getregexp-@@species.js",
    "title": "JavaScript: RegExp.getRegExp[@@species]",
    "type": "js"
  },
  {
    "fileName": "regexp-lastindex.js",
    "title": "JavaScript: RegExp.lastIndex",
    "type": "js"
  },
  {
    "fileName": "regexp-prototype-@@match.js",
    "title": "JavaScript: RegExp.prototype[@@match]",
    "type": "js"
  },
  {
    "fileName": "regexp-prototype-@@matchall.js",
    "title": "JavaScript: RegExp.prototype[@@matchAll]",
    "type": "js"
  },
  {
    "fileName": "regexp-prototype-@@replace.js",
    "title": "JavaScript: RegExp.prototype[@@replace]",
    "type": "js"
  },
  {
    "fileName": "regexp-prototype-@@search.js",
    "title": "JavaScript: RegExp.prototype[@@search]",
    "type": "js"
  },
  {
    "fileName": "regexp-prototype-@@split.js",
    "title": "JavaScript: RegExp.prototype[@@split]",
    "type": "js"
  },
  {
    "fileName": "regexp-prototype-exec.js",
    "title": "JavaScript: RegExp.prototype.exec()",
    "type": "js"
  },
  {
    "fileName": "regexp-prototype-flags.js",
    "title": "JavaScript: RegExp.prototype.flags",
    "type": "js"
  },
  {
    "fileName": "regexp-prototype-global.js",
    "title": "JavaScript: RegExp.prototype.global",
    "type": "js"
  },
  {
    "fileName": "regexp-prototype-ignorecase.js",
    "title": "JavaScript: RegExp.prototype.ignoreCase",
    "type": "js"
  },
  {
    "fileName": "regexp-prototype-multiline.js",
    "title": "JavaScript: RegExp.prototype.multiline",
    "type": "js"
  },
  {
    "fileName": "regexp-prototype-source.js",
    "title": "JavaScript: RegExp.prototype.source",
    "type": "js"
  },
  {
    "fileName": "regexp-prototype-sticky.js",
    "title": "JavaScript: RegExp.prototype.sticky",
    "type": "js"
  },
  {
    "fileName": "regexp-prototype-test.js",
    "title": "JavaScript: RegExp.prototype.test",
    "type": "js"
  },
  {
    "fileName": "regexp-prototype-tostring.js",
    "title": "JavaScript: RegExp.prototype.toString()",
    "type": "js"
  },
  {
    "fileName": "regexp-prototype-unicode.js",
    "title": "JavaScript: RegExp.prototype.unicode",
    "type": "js"
  }
]