[
  {
    "fileName": "dataview-buffer.js",
    "title": "JavaScript: DataView.buffer",
    "type": "js"
  },
  {
    "fileName": "dataview-bytelength.js",
    "title": "JavaScript: DataView.byteLength",
    "type": "js"
  },
  {
    "fileName": "dataview-byteoffset.js",
    "title": "JavaScript: DataView.byteOffset",
    "type": "js"
  },
  {
    "fileName": "dataview-constructor.js",
    "title": "JavaScript: DataView Constructor",
    "type": "js"
  },
  {
    "fileName": "dataview-getbigint64.js",
    "title": "JavaScript: DataView.getBigInt64()",
    "type": "js"
  },
  {
    "fileName": "dataview-getbiguint64.js",
    "title": "JavaScript: DataView.getBigUint64()",
    "type": "js"
  },
  {
    "fileName": "dataview-getfloat32.js",
    "title": "JavaScript: DataView.getFloat32()",
    "type": "js"
  },
  {
    "fileName": "dataview-getfloat64.js",
    "title": "JavaScript: DataView.getFloat64()",
    "type": "js"
  },
  {
    "fileName": "dataview-getint8.js",
    "title": "JavaScript: DataView.getInt8()",
    "type": "js"
  },
  {
    "fileName": "dataview-getint16.js",
    "title": "JavaScript: DataView.getInt16()",
    "type": "js"
  },
  {
    "fileName": "dataview-getint32.js",
    "title": "JavaScript: DataView.getInt32()",
    "type": "js"
  },
  {
    "fileName": "dataview-getuint8.js",
    "title": "JavaScript: DataView.getUint8()",
    "type": "js"
  },
  {
    "fileName": "dataview-getuint16.js",
    "title": "JavaScript: DataView.getUint16()",
    "type": "js"
  },
  {
    "fileName": "dataview-getuint32.js",
    "title": "JavaScript: DataView.getUint32()",
    "type": "js"
  },
  {
    "fileName": "dataview-setbigint64.js",
    "title": "JavaScript: DataView.setBigInt64()",
    "type": "js"
  },
  {
    "fileName": "dataview-setbiguint64.js",
    "title": "JavaScript: DataView.setBigUint64()",
    "type": "js"
  },
  {
    "fileName": "dataview-setfloat32.js",
    "title": "JavaScript: DataView.setFloat32()",
    "type": "js"
  },
  {
    "fileName": "dataview-setfloat64.js",
    "title": "JavaScript: DataView.setFloat64()",
    "type": "js"
  },
  {
    "fileName": "dataview-setint8.js",
    "title": "JavaScript: DataView.setInt8()",
    "type": "js"
  },
  {
    "fileName": "dataview-setint16.js",
    "title": "JavaScript: DataView.setInt16()",
    "type": "js"
  },
  {
    "fileName": "dataview-setint32.js",
    "title": "JavaScript: DataView.setInt32()",
    "type": "js"
  },
  {
    "fileName": "dataview-setuint8.js",
    "title": "JavaScript: DataView.setUint8()",
    "type": "js"
  },
  {
    "fileName": "dataview-setuint16.js",
    "title": "JavaScript: DataView.setUint16()",
    "type": "js"
  },
  {
    "fileName": "dataview-setuint32.js",
    "title": "JavaScript: DataView.setUint32()",
    "type": "js"
  }
]