[
  {
    "fileName": "reflect-apply.js",
    "title": "JavaScript: Reflect.apply()",
    "type": "js"
  },
  {
    "fileName": "reflect-construct.js",
    "title": "JavaScript: Reflect.construct()",
    "type": "js"
  },
  {
    "fileName": "reflect-defineproperty.js",
    "title": "JavaScript: Reflect.defineProperty()",
    "type": "js"
  },
  {
    "fileName": "reflect-deleteproperty.js",
    "title": "JavaScript: Reflect.deleteProperty()",
    "type": "js"
  },
  {
    "fileName": "reflect-get.js",
    "title": "JavaScript: Reflect.get()",
    "type": "js"
  },
  {
    "fileName": "reflect-getownpropertydescriptor.js",
    "title": "JavaScript: Reflect.getOwnPropertyDescriptor()",
    "type": "js"
  },
  {
    "fileName": "reflect-getprototypeof.js",
    "title": "JavaScript: Reflect.getPrototypeOf()",
    "type": "js"
  },
  {
    "fileName": "reflect-has.js",
    "title": "JavaScript: Reflect.has()",
    "type": "js"
  },
  {
    "fileName": "reflect-isextensible.js",
    "title": "JavaScript: Reflect.isExtensible()",
    "type": "js"
  },
  {
    "fileName": "reflect-ownkeys.js",
    "title": "JavaScript: Reflect.ownKeys()",
    "type": "js"
  },
  {
    "fileName": "reflect-preventextensions.js",
    "title": "JavaScript: Reflect.preventExtensions()",
    "type": "js"
  },
  {
    "fileName": "reflect-set.js",
    "title": "JavaScript: Reflect.set()",
    "type": "js"
  },
  {
    "fileName": "reflect-setprototypeof.js",
    "title": "JavaScript: Reflect.setPrototypeOf()",
    "type": "js"
  }
]