[
  {
    "fileName": "map-prototype-@@iterator.js",
    "title": "JavaScript: Map.prototype[@@iterator]()",
    "type": "js"
  },
  {
    "fileName": "map-prototype-@@tostringtag.js",
    "title": "JavaScript: Map.prototype[@@toStringTag]",
    "type": "js"
  },
  {
    "fileName": "map-prototype-clear.js",
    "title": "JavaScript: Map.prototype.clear()",
    "type": "js"
  },
  {
    "fileName": "map-prototype-delete.js",
    "title": "JavaScript: Map.prototype.delete()",
    "type": "js"
  },
  {
    "fileName": "map-prototype-entries.js",
    "title": "JavaScript: Map.prototype.entries()",
    "type": "js"
  },
  {
    "fileName": "map-prototype-foreach.js",
    "title": "JavaScript: Map.prototype.forEach()",
    "type": "js"
  },
  {
    "fileName": "map-prototype-get.js",
    "title": "JavaScript: Map.prototype.get()",
    "type": "js"
  },
  {
    "fileName": "map-prototype-has.js",
    "title": "JavaScript: Map.prototype.has()",
    "type": "js"
  },
  {
    "fileName": "map-prototype-keys.js",
    "title": "JavaScript: Map.prototype.keys()",
    "type": "js"
  },
  {
    "fileName": "map-prototype-set.js",
    "title": "JavaScript: Map.prototype.set()",
    "type": "js"
  },
  {
    "fileName": "map-prototype-size.js",
    "title": "JavaScript: Map.prototype.size",
    "type": "js"
  },
  {
    "fileName": "map-prototype-values.js",
    "title": "JavaScript: Map.prototype.values",
    "type": "js"
  }
]