[
  {
    "fileName": "object-assign.js",
    "title": "JavaScript: Object.assign()",
    "type": "js"
  },
  {
    "fileName": "object-create.js",
    "title": "JavaScript: Object.create()",
    "type": "js"
  },
  {
    "fileName": "object-defineproperties.js",
    "title": "JavaScript: Object.defineProperties()",
    "type": "js"
  },
  {
    "fileName": "object-defineproperty.js",
    "title": "JavaScript: Object.defineProperty()",
    "type": "js"
  },
  {
    "fileName": "object-entries.js",
    "title": "JavaScript: Object.entries()",
    "type": "js"
  },
  {
    "fileName": "object-freeze.js",
    "title": "JavaScript: Object.freeze()",
    "type": "js"
  },
  {
    "fileName": "object-fromentries.js",
    "title": "JavaScript: Object.fromEntries()",
    "type": "js"
  },
  {
    "fileName": "object-getownpropertydescriptor.js",
    "title": "JavaScript: Object.getOwnPropertyDescriptor()",
    "type": "js"
  },
  {
    "fileName": "object-getownpropertydescriptors.js",
    "title": "JavaScript: Object.getOwnPropertyDescriptors()",
    "type": "js"
  },
  {
    "fileName": "object-getownpropertynames.js",
    "title": "JavaScript: Object.getOwnPropertyNames()",
    "type": "js"
  },
  {
    "fileName": "object-getownpropertysymbols.js",
    "title": "JavaScript: Object.getOwnPropertySymbols()",
    "type": "js"
  },
  {
    "fileName": "object-getprototypeof.js",
    "title": "JavaScript: Object.getPrototypeOf()",
    "type": "js"
  },
  {
    "fileName": "object-isextensible.js",
    "title": "JavaScript: Object.isExtensible()",
    "type": "js"
  },
  {
    "fileName": "object-isfrozen.js",
    "title": "JavaScript: Object.isFrozen()",
    "type": "js"
  },
  {
    "fileName": "object-issealed.js",
    "title": "JavaScript: Object.isSealed()",
    "type": "js"
  },
  {
    "fileName": "object-keys.js",
    "title": "JavaScript: Object.keys()",
    "type": "js"
  },
  {
    "fileName": "object-preventextensions.js",
    "title": "JavaScript: Object.preventExtensions()",
    "type": "js"
  },
  {
    "fileName": "object-prototype-hasownproperty.js",
    "title": "JavaScript: Object.prototype.hasOwnProperty()",
    "type": "js"
  },
  {
    "fileName": "object-prototype-isprototypeof.js",
    "title": "JavaScript: Object.prototype.isPrototypeOf()",
    "type": "js"
  },
  {
    "fileName": "object-prototype-propertyisenumerable.js",
    "title": "JavaScript: Object.prototype.propertyIsEnumerable()",
    "type": "js"
  },
  {
    "fileName": "object-prototype-seal.js",
    "title": "JavaScript: Object.prototype.seal()",
    "type": "js"
  },
  {
    "fileName": "object-prototype-tolocalestring.js",
    "title": "JavaScript: Object.prototype.tolocalestring()",
    "type": "js"
  },
  {
    "fileName": "object-prototype-tostring.js",
    "title": "JavaScript: Object.prototype.toString()",
    "type": "js"
  },
  {
    "fileName": "object-prototype-valueof.js",
    "title": "JavaScript: Object.prototype.valueOf()",
    "type": "js"
  },
  {
    "fileName": "object-values.js",
    "title": "JavaScript: Object.values()",
    "type": "js"
  }
]