[
  {
    "fileName": "intl-collator-prototype-compare.js",
    "title": "JavaScript: Intl.Collator.prototype.compare",
    "type": "js"
  },
  {
    "fileName": "intl-collator-prototype-resolvedoptions.js",
    "title": "JavaScript: Intl.Collator.prototype.resolvedOptions",
    "type": "js"
  },
  {
    "fileName": "intl-collator-prototype-supportedlocalesof.js",
    "title": "JavaScript: Intl.Collator.prototype.supportedLocalesOf",
    "type": "js"
  },
  {
    "fileName": "intl-collator.js",
    "title": "JavaScript: Intl.Collator",
    "type": "js"
  },
  {
    "fileName": "intl-datetimeformat-prototype-format.js",
    "title": "JavaScript: Intl.DateTimeFormat.prototype.format",
    "type": "js"
  },
  {
    "fileName": "intl-datetimeformat-prototype-formatrange.js",
    "title": "JavaScript: Intl.DateTimeFormat.prototype.formatRange()",
    "type": "js"
  },
  {
    "fileName": "intl-datetimeformat-prototype-resolvedoptions.js",
    "title": "JavaScript: Intl.DateTimeFormat.prototype.resolvedOptions",
    "type": "js"
  },
  {
    "fileName": "intl-datetimeformat-prototype-supportedlocalesof.js",
    "title": "JavaScript: Intl.DateTimeFormat.prototype.supportedLocalesOf",
    "type": "js"
  },
  {
    "fileName": "intl-datetimeformat.js",
    "title": "JavaScript: Intl.DateTimeFormat",
    "type": "js"
  },
  {
    "fileName": "intl-getcanonicallocales.js",
    "title": "JavaScript: Intl.GetCanonicalLocales",
    "type": "js"
  },
  {
    "fileName": "intl-listformat.js",
    "title": "JavaScript: Intl.ListFormat",
    "type": "js"
  },
  {
    "fileName": "intl-locale.js",
    "title": "JavaScript: Intl.Locale",
    "type": "js"
  },
  {
    "fileName": "intl-locale-prototype-maximize.js",
    "title": "JavaScript: Intl.Locale.prototype.maximize()",
    "type": "js"
  },
  {
    "fileName": "intl-locale-prototype-minimize.js",
    "title": "JavaScript: Intl.Locale.prototype.minimize()",
    "type": "js"
  },
  {
    "fileName": "intl-locale-prototype-tostring.js",
    "title": "JavaScript: Intl.Locale.prototype.toString()",
    "type": "js"
  },
  {
    "fileName": "intl-numberformat-prototype-format.js",
    "title": "JavaScript: Intl.NumberFormat.prototype.format",
    "type": "js"
  },
  {
    "fileName": "intl-numberformat-prototype-resolvedoptions.js",
    "title": "JavaScript: Intl.NumberFormat.prototype.resolvedOptions",
    "type": "js"
  },
  {
    "fileName": "intl-numberformat-prototype-supportedlocalesof.js",
    "title": "JavaScript: Intl.NumberFormat.prototype.supportedLocalesOf",
    "type": "js"
  },
  {
    "fileName": "intl-numberformat.js",
    "title": "JavaScript: Intl.NumberFormat",
    "type": "js"
  },
  {
    "fileName": "intl-relativetimeformat.js",
    "title": "JavaScript: Intl.RelativeTimeFormat",
    "type": "js"
  },
  {
    "fileName": "intl-relativetimeformat-prototype-format.js",
    "title": "JavaScript: Intl.RelativeTimeFormat.prototype.format",
    "type": "js"
  },
  {
    "fileName": "intl-relativetimeformat-prototype-formattoparts.js",
    "title": "JavaScript: Intl.RelativeTimeFormat.prototype.formatToParts",
    "type": "js"
  },
  {
    "fileName": "intl-relativetimeformat-prototype-resolvedoptions.js",
    "title": "JavaScript: Intl.RelativeTimeFormat.prototype.resolvedOptions",
    "type": "js"
  },
  {
    "fileName": "intl-relativetimeformat-prototype-supportedlocalesof.js",
    "title": "JavaScript: Intl.RelativeTimeFormat.prototype.supportedLocalesOf",
    "type": "js"
  }
]