[
  {
    "fileName": "set-prototype-@@iterator.js",
    "title": "JavaScript: Set.prototype[@@iterator]()",
    "type": "js"
  },
  {
    "fileName": "set-prototype-add.js",
    "title": "JavaScript: Set.prototype.add()",
    "type": "js"
  },
  {
    "fileName": "set-prototype-clear.js",
    "title": "JavaScript: Set.prototype.clear()",
    "type": "js"
  },
  {
    "fileName": "set-prototype-constructor.js",
    "title": "JavaScript: Set.prototype Constructor",
    "type": "js"
  },
  {
    "fileName": "set-prototype-delete.js",
    "title": "JavaScript: Set.prototype.delete()",
    "type": "js"
  },
  {
    "fileName": "set-prototype-entries.js",
    "title": "JavaScript: Set.prototype.entries()",
    "type": "js"
  },
  {
    "fileName": "set-prototype-foreach.js",
    "title": "JavaScript: Set.prototype.forEach()",
    "type": "js"
  },
  {
    "fileName": "set-prototype-has.js",
    "title": "JavaScript: Set.prototype.has()",
    "type": "js"
  },
  {
    "fileName": "set-prototype-size.js",
    "title": "JavaScript: Set.prototype.size",
    "type": "js"
  },
  {
    "fileName": "set-prototype-values.js",
    "title": "JavaScript: Set.prototype.values",
    "type": "js"
  }
]