[
  {
    "fileName": "function-apply.js",
    "title": "JavaScript: Function.apply()",
    "type": "js"
  },
  {
    "fileName": "function-bind.js",
    "title": "JavaScript: Function.bind()",
    "type": "js"
  },
  {
    "fileName": "function-call.js",
    "title": "JavaScript: Function.call()",
    "type": "js"
  },
  {
    "fileName": "function-constructor.js",
    "title": "JavaScript: Function()",
    "type": "js"
  },
  {
    "fileName": "function-length.js",
    "title": "JavaScript: Function.length",
    "type": "js"
  },
  {
    "fileName": "function-name.js",
    "title": "JavaScript: Function.name",
    "type": "js"
  },
  {
    "fileName": "function-tostring.js",
    "title": "JavaScript: Function.toString()",
    "type": "js"
  }
]