[
  {
    "fileName": "expressions-arithmetic.js",
    "title": "JavaScript: Expressions - Arithmetic",
    "type": "js"
  },
  {
    "fileName": "expressions-assignment.js",
    "title": "JavaScript: Expressions - Assignment",
    "type": "js"
  },
  {
    "fileName": "expressions-bitwiseoperators.js",
    "title": "JavaScript: Expressions - Bitwise operators",
    "type": "js"
  },
  {
    "fileName": "expressions-classexpression.js",
    "title": "JavaScript: Expressions - class expression",
    "type": "js"
  },
  {
    "fileName": "expressions-commaoperators.js",
    "title": "JavaScript: Expressions - Comma operator",
    "type": "js"
  },
  {
    "fileName": "expressions-comparisonoperators.js",
    "title": "JavaScript: Expressions - Comparison operators",
    "type": "js"
  },
  {
    "fileName": "expressions-conditionaloperators.js",
    "title": "JavaScript: Expressions - Conditional operator",
    "type": "js"
  },
  {
    "fileName": "expressions-deleteoperator.js",
    "title": "JavaScript: Expressions - delete operator",
    "type": "js"
  },
  {
    "fileName": "expressions-destructuringassignment.js",
    "title": "JavaScript: Expressions - Destructuring assignment",
    "type": "js"
  },
  {
    "fileName": "expressions-functionasteriskexpression.js",
    "title": "JavaScript: Expressions - function* expression",
    "type": "js"
  },
  {
    "fileName": "expressions-functionexpression.js",
    "title": "JavaScript: Expressions - function expression",
    "type": "js"
  },
  {
    "fileName": "expressions-groupingoperator.js",
    "title": "JavaScript: Expressions - Grouping operator",
    "type": "js"
  },
  {
    "fileName": "expressions-inoperator.js",
    "title": "JavaScript: Expressions - in operator",
    "type": "js"
  },
  {
    "fileName": "expressions-instanceof.js",
    "title": "JavaScript: Expressions - instanceof",
    "type": "js"
  },
  {
    "fileName": "expressions-logicaloperator.js",
    "title": "JavaScript: Expressions - Logical operator",
    "type": "js"
  },
  {
    "fileName": "expressions-newoperator.js",
    "title": "JavaScript: Expressions - new operator",
    "type": "js"
  },
  {
    "fileName": "expressions-newtarget.js",
    "title": "JavaScript: Expressions - new.target",
    "type": "js"
  },
  {
    "fileName": "expressions-nullishcoalescingoperator.js",
    "title": "JavaScript: Expressions - Nullish coalescing operator",
    "type": "js"
  },
  {
    "fileName": "expressions-objectinitializer.js",
    "title": "JavaScript: Expressions - Object initializer",
    "type": "js"
  },
  {
    "fileName": "expressions-operatorprecedence.js",
    "title": "JavaScript: Expressions - Operator precedence",
    "type": "js"
  },
  {
    "fileName": "expressions-optionalchainingoperator.js",
    "title": "JavaScript: Expressions - Optional chaining operator",
    "type": "js"
  },
  {
    "fileName": "expressions-propertyaccessors.js",
    "title": "JavaScript: Expressions - Property accessors",
    "type": "js"
  },
  {
    "fileName": "expressions-spreadsyntax.js",
    "title": "JavaScript: Expressions - Spread syntax",
    "type": "js"
  },
  {
    "fileName": "expressions-this.js",
    "title": "JavaScript: Expressions - this",
    "type": "js"
  },
  {
    "fileName": "expressions-typeof.js",
    "title": "JavaScript: Expressions - typeof",
    "type": "js"
  },
  {
    "fileName": "expressions-voidoperator.js",
    "title": "JavaScript: Expressions - void operator",
    "type": "js"
  },
  {
    "fileName": "expressions-yield.js",
    "title": "JavaScript: Expressions - yield",
    "type": "js"
  },
  {
    "fileName": "expressions-yieldasterisk.js",
    "title": "JavaScript: Expressions - yield*",
    "type": "js"
  }
]