[
  {
    "fileName": "symbol-constructor.js",
    "title": "JavaScript: Symbol - Constructor",
    "type": "js"
  },
  {
    "fileName": "symbol-for.js",
    "title": "JavaScript: Symbol.for()",
    "type": "js"
  },
  {
    "fileName": "symbol-hasinstance.js",
    "title": "JavaScript: Symbol.hasInstance",
    "type": "js"
  },
  {
    "fileName": "symbol-isconcatspreadable.js",
    "title": "JavaScript: Symbol.isConcatSpreadable",
    "type": "js"
  },
  {
    "fileName": "symbol-iterator.js",
    "title": "JavaScript: Symbol.iterator",
    "type": "js"
  },
  {
    "fileName": "symbol-keyfor.js",
    "title": "JavaScript: Symbol.keyFor()",
    "type": "js"
  },
  {
    "fileName": "symbol-match.js",
    "title": "JavaScript: Symbol.match",
    "type": "js"
  },
  {
    "fileName": "symbol-matchall.js",
    "title": "JavaScript: Symbol.matchAll",
    "type": "js"
  },
  {
    "fileName": "symbol-prototype-description.js",
    "title": "JavaScript: Symbol.prototype.description",
    "type": "js"
  },
  {
    "fileName": "symbol-prototype-tostring.js",
    "title": "JavaScript: Symbol.prototype.toString()",
    "type": "js"
  },
  {
    "fileName": "symbol-prototype.js",
    "title": "JavaScript: Symbol.prototype",
    "type": "js"
  },
  {
    "fileName": "symbol-replace.js",
    "title": "JavaScript: Symbol.replace",
    "type": "js"
  },
  {
    "fileName": "symbol-search.js",
    "title": "JavaScript: Symbol.search",
    "type": "js"
  },
  {
    "fileName": "symbol-species.js",
    "title": "JavaScript: Symbol.species",
    "type": "js"
  },
  {
    "fileName": "symbol-split.js",
    "title": "JavaScript: Symbol.split",
    "type": "js"
  },
  {
    "fileName": "symbol-toprimitive.js",
    "title": "JavaScript: Symbol.toPrimitive",
    "type": "js"
  },
  {
    "fileName": "symbol-tostringtag.js",
    "title": "JavaScript: Symbol.toStringTag",
    "type": "js"
  },
  {
    "fileName": "symbol-unscopables.js",
    "title": "JavaScript: Symbol.unscopables",
    "type": "js"
  }
]