[
  {
    "fileName": "atomics-add.js",
    "title": "JavaScript: Atomics.add()",
    "type": "js"
  },
  {
    "fileName": "atomics-and.js",
    "title": "JavaScript: Atomics.and()",
    "type": "js"
  },
  {
    "fileName": "atomics-compareexchange.js",
    "title": "JavaScript: Atomics.compareExchange()",
    "type": "js"
  },
  {
    "fileName": "atomics-exchange.js",
    "title": "JavaScript: Atomics.exchange()",
    "type": "js"
  },
  {
    "fileName": "atomics-islockfree.js",
    "title": "JavaScript: Atomics.isLockFree()",
    "type": "js"
  },
  {
    "fileName": "atomics-load.js",
    "title": "JavaScript: Atomics.load()",
    "type": "js"
  },
  {
    "fileName": "atomics-or.js",
    "title": "JavaScript: Atomics.or()",
    "type": "js"
  },
  {
    "fileName": "atomics-store.js",
    "title": "JavaScript: Atomics.store()",
    "type": "js"
  },
  {
    "fileName": "atomics-sub.js",
    "title": "JavaScript: Atomics.sub()",
    "type": "js"
  },
  {
    "fileName": "atomics-xor.js",
    "title": "JavaScript: Atomics.xor()",
    "type": "js"
  }
]