[
  {
    "fileName": "functions-arguments.js",
    "title": "JavaScript: Functions Arguments",
    "type": "js"
  },
  {
    "fileName": "functions-arrow.js",
    "title": "JavaScript: Functions =>",
    "type": "js"
  },
  {
    "fileName": "functions-default.js",
    "title": "JavaScript: Functions Default",
    "type": "js"
  },
  {
    "fileName": "functions-definitions.js",
    "title": "JavaScript: Functions Definitions",
    "type": "js"
  },
  {
    "fileName": "functions-getter.js",
    "title": "JavaScript: Functions Getter",
    "type": "js"
  },
  {
    "fileName": "functions-restparameters.js",
    "title": "JavaScript: Functions Rest Parameters",
    "type": "js"
  },
  {
    "fileName": "functions-setter.js",
    "title": "JavaScript: Functions Setter",
    "type": "js"
  }
]