[
  {
    "fileName": "typedarray-buffer.js",
    "title": "JavaScript: TypedArray.buffer",
    "type": "js"
  },
  {
    "fileName": "typedarray-bytelength.js",
    "title": "JavaScript: TypedArray.byteLength",
    "type": "js"
  },
  {
    "fileName": "typedarray-bytes-per-element.js",
    "title": "JavaScript: TypedArray.BYTES_PER_ELEMENT",
    "type": "js"
  },
  {
    "fileName": "typedarray-constructor.js",
    "title": "JavaScript: TypedArray Constructor",
    "type": "js"
  },
  {
    "fileName": "typedarray-copywithin.js",
    "title": "JavaScript: TypedArray.copyWithin()",
    "type": "js"
  },
  {
    "fileName": "typedarray-entries.js",
    "title": "JavaScript: TypedArray.entries()",
    "type": "js"
  },
  {
    "fileName": "typedarray-every.js",
    "title": "JavaScript: TypedArray.every()",
    "type": "js"
  },
  {
    "fileName": "typedarray-fill.js",
    "title": "JavaScript: TypedArray.fill()",
    "type": "js"
  },
  {
    "fileName": "typedarray-filter.js",
    "title": "JavaScript: TypedArray.filter()",
    "type": "js"
  },
  {
    "fileName": "typedarray-find.js",
    "title": "JavaScript: TypedArray.find()",
    "type": "js"
  },
  {
    "fileName": "typedarray-findindex.js",
    "title": "JavaScript: TypedArray.findIndex()",
    "type": "js"
  },
  {
    "fileName": "typedarray-from.js",
    "title": "JavaScript: TypedArray.from()",
    "type": "js"
  },
  {
    "fileName": "typedarray-includes.js",
    "title": "JavaScript: TypedArray.includes()",
    "type": "js"
  },
  {
    "fileName": "typedarray-indexof.js",
    "title": "JavaScript: TypedArray.indexOf()",
    "type": "js"
  },
  {
    "fileName": "typedarray-join.js",
    "title": "JavaScript: TypedArray.join()",
    "type": "js"
  },
  {
    "fileName": "typedarray-keys.js",
    "title": "JavaScript: TypedArray.keys()",
    "type": "js"
  },
  {
    "fileName": "typedarray-lastindexof.js",
    "title": "JavaScript: TypedArray.lastIndexOf()",
    "type": "js"
  },
  {
    "fileName": "typedarray-length.js",
    "title": "JavaScript: TypedArray.length",
    "type": "js"
  },
  {
    "fileName": "typedarray-map.js",
    "title": "JavaScript: TypedArray.map()",
    "type": "js"
  },
  {
    "fileName": "typedarray-name.js",
    "title": "JavaScript: TypedArray.name",
    "type": "js"
  },
  {
    "fileName": "typedarray-of.js",
    "title": "JavaScript: TypedArray.of()",
    "type": "js"
  },
  {
    "fileName": "typedarray-reduce.js",
    "title": "JavaScript: TypedArray.reduce()",
    "type": "js"
  },
  {
    "fileName": "typedarray-reverse.js",
    "title": "JavaScript: TypedArray.reverse()",
    "type": "js"
  },
  {
    "fileName": "typedarray-set.js",
    "title": "JavaScript: TypedArray.set()",
    "type": "js"
  },
  {
    "fileName": "typedarray-slice.js",
    "title": "JavaScript: TypedArray.slice()",
    "type": "js"
  },
  {
    "fileName": "typedarray-some.js",
    "title": "JavaScript: TypedArray.some()",
    "type": "js"
  },
  {
    "fileName": "typedarray-sort.js",
    "title": "JavaScript: TypedArray.sort()",
    "type": "js"
  },
  {
    "fileName": "typedarray-subarray.js",
    "title": "JavaScript: TypedArray.subarray()",
    "type": "js"
  },
  {
    "fileName": "typedarray-tostring.js",
    "title": "JavaScript: TypedArray.toString()",
    "type": "js"
  },
  {
    "fileName": "typedarray-values.js",
    "title": "JavaScript: TypedArray.values()",
    "type": "js"
  }
]