[
  {
    "fileName": "date-constructor.js",
    "title": "JavaScript: Date Constructor",
    "type": "js"
  },
  {
    "fileName": "date-getdate.js",
    "title": "JavaScript: Date.getDate()",
    "type": "js"
  },
  {
    "fileName": "date-getday.js",
    "title": "JavaScript: Date.getDay()",
    "type": "js"
  },
  {
    "fileName": "date-getfullyear.js",
    "title": "JavaScript: Date.getFullYear()",
    "type": "js"
  },
  {
    "fileName": "date-gethours.js",
    "title": "JavaScript: Date.getHours()",
    "type": "js"
  },
  {
    "fileName": "date-getmilliseconds.js",
    "title": "JavaScript: Date.getMilliseconds()",
    "type": "js"
  },
  {
    "fileName": "date-getminutes.js",
    "title": "JavaScript: Date.getMinutes()",
    "type": "js"
  },
  {
    "fileName": "date-getmonth.js",
    "title": "JavaScript: Date.getMonth()",
    "type": "js"
  },
  {
    "fileName": "date-getseconds.js",
    "title": "JavaScript: Date.getSeconds()",
    "type": "js"
  },
  {
    "fileName": "date-gettime.js",
    "title": "JavaScript: Date.getTime()",
    "type": "js"
  },
  {
    "fileName": "date-gettimezoneoffset.js",
    "title": "JavaScript: Date.getTimezoneOffset()",
    "type": "js"
  },
  {
    "fileName": "date-getutcdate.js",
    "title": "JavaScript: Date.getUTCDate()",
    "type": "js"
  },
  {
    "fileName": "date-getutcday.js",
    "title": "JavaScript: Date.getUTCDay()",
    "type": "js"
  },
  {
    "fileName": "date-getutcfullyear.js",
    "title": "JavaScript: Date.getUTCFullYear()",
    "type": "js"
  },
  {
    "fileName": "date-getutchours.js",
    "title": "JavaScript: Date.getUTCHours()",
    "type": "js"
  },
  {
    "fileName": "date-getutcmonth.js",
    "title": "JavaScript: Date.getUTCMonth()",
    "type": "js"
  },
  {
    "fileName": "date-getutcmilliseconds.js",
    "title": "JavaScript: Date.getUTCMilliseconds()",
    "type": "js"
  },
  {
    "fileName": "date-getutcminutes.js",
    "title": "JavaScript: Date.getUTCMinutes()",
    "type": "js"
  },
  {
    "fileName": "date-getutcseconds.js",
    "title": "JavaScript: Date.getUTCSeconds()",
    "type": "js"
  },
  {
    "fileName": "date-now.js",
    "title": "JavaScript: Date.now()",
    "type": "js"
  },
  {
    "fileName": "date-parse.js",
    "title": "JavaScript: Date.parse()",
    "type": "js"
  },
  {
    "fileName": "date-setdate.js",
    "title": "JavaScript: Date.setDate()",
    "type": "js"
  },
  {
    "fileName": "date-setfullyear.js",
    "title": "JavaScript: Date.setFullYear()",
    "type": "js"
  },
  {
    "fileName": "date-sethours.js",
    "title": "JavaScript: Date.setHours()",
    "type": "js"
  },
  {
    "fileName": "date-setmilliseconds.js",
    "title": "JavaScript: Date.setMilliseconds()",
    "type": "js"
  },
  {
    "fileName": "date-setminutes.js",
    "title": "JavaScript: Date.setMinutes()",
    "type": "js"
  },
  {
    "fileName": "date-setmonth.js",
    "title": "JavaScript: Date.setMonth()",
    "type": "js"
  },
  {
    "fileName": "date-setseconds.js",
    "title": "JavaScript: Date.setSeconds()",
    "type": "js"
  },
  {
    "fileName": "date-settime.js",
    "title": "JavaScript: Date.setTime()",
    "type": "js"
  },
  {
    "fileName": "date-setutcdate.js",
    "title": "JavaScript: Date.setUTCDate()",
    "type": "js"
  },
  {
    "fileName": "date-setutcfullyear.js",
    "title": "JavaScript: Date.setUTCFullYear()",
    "type": "js"
  },
  {
    "fileName": "date-setutchours.js",
    "title": "JavaScript: Date.setUTCHours()",
    "type": "js"
  },
  {
    "fileName": "date-setutcmilliseconds.js",
    "title": "JavaScript: Date.setUTCMilliseconds()",
    "type": "js"
  },
  {
    "fileName": "date-setutcminutes.js",
    "title": "JavaScript: Date.setUTCMinutes()",
    "type": "js"
  },
  {
    "fileName": "date-setutcmonth.js",
    "title": "JavaScript: Date.setUTCMonth()",
    "type": "js"
  },
  {
    "fileName": "date-setutcseconds.js",
    "title": "JavaScript: Date.setUTCSeconds()",
    "type": "js"
  },
  {
    "fileName": "date-todatestring.js",
    "title": "JavaScript: Date.toDateString()",
    "type": "js"
  },
  {
    "fileName": "date-toisostring.js",
    "title": "JavaScript: Date.toISOString()",
    "type": "js"
  },
  {
    "fileName": "date-tojson.js",
    "title": "JavaScript: Date.toJSON()",
    "type": "js"
  },
  {
    "fileName": "date-tolocaledatestring.js",
    "title": "JavaScript: Date.toLocaleDateString()",
    "type": "js"
  },
  {
    "fileName": "date-tolocalestring.js",
    "title": "JavaScript: Date.toLocaleString()",
    "type": "js"
  },
  {
    "fileName": "date-tolocaletimestring.js",
    "title": "JavaScript: Date.toLocaleTimeString()",
    "type": "js"
  },
  {
    "fileName": "date-tostring.js",
    "title": "JavaScript: Date.toString()",
    "type": "js"
  },
  {
    "fileName": "date-totimestring.js",
    "title": "JavaScript: Date.toTimeString()",
    "type": "js"
  },
  {
    "fileName": "date-toutcstring.js",
    "title": "JavaScript: Date.toUTCString()",
    "type": "js"
  },
  {
    "fileName": "date-utc.js",
    "title": "JavaScript: Date.UTC()",
    "type": "js"
  },
  {
    "fileName": "date-valueof.js",
    "title": "JavaScript: Date.valueOf()",
    "type": "js"
  }
]