[
  {
    "fileName": "string-charat.js",
    "title": "JavaScript: String.charAt()",
    "type": "js"
  },
  {
    "fileName": "string-charcodeat.js",
    "title": "JavaScript: String.charCodeAt()",
    "type": "js"
  },
  {
    "fileName": "string-codepointat.js",
    "title": "JavaScript: String.codePointAt()",
    "type": "js"
  },
  {
    "fileName": "string-concat.js",
    "title": "JavaScript: String.concat()",
    "type": "js"
  },
  {
    "fileName": "string-endswith.js",
    "title": "JavaScript: String.endsWith()",
    "type": "js"
  },
  {
    "fileName": "string-fromcharcode.js",
    "title": "JavaScript: String.fromCharCode()",
    "type": "js"
  },
  {
    "fileName": "string-fromcodepoint.js",
    "title": "JavaScript: String.fromCodePoint()",
    "type": "js"
  },
  {
    "fileName": "string-includes.js",
    "title": "JavaScript: String.includes()",
    "type": "js"
  },
  {
    "fileName": "string-indexof.js",
    "title": "JavaScript: String.indexOf()",
    "type": "js"
  },
  {
    "fileName": "string-iterator.js",
    "title": "JavaScript: String.prototype[@@iterator]()",
    "type": "js"
  },
  {
    "fileName": "string-lastindexof.js",
    "title": "JavaScript: String.lastIndexOf()",
    "type": "js"
  },
  {
    "baseTmpl": "tmpl/live-js-tmpl.html",
    "fileName": "string-length.js",
    "title": "JavaScript: String.length",
    "type": "js"
  },
  {
    "fileName": "string-localecompare.js",
    "title": "JavaScript: String.localeCompare()",
    "type": "js"
  },
  {
    "fileName": "string-match.js",
    "title": "JavaScript: String.match()",
    "type": "js"
  },
  {
    "fileName": "string-matchall.js",
    "title": "JavaScript: String.matchAll()",
    "type": "js"
  },
  {
    "fileName": "string-normalize.js",
    "title": "JavaScript: String.normalize()",
    "type": "js"
  },
  {
    "fileName": "string-padend.js",
    "title": "JavaScript: String.padEnd()",
    "type": "js"
  },
  {
    "fileName": "string-padstart.js",
    "title": "JavaScript: String.padStart()",
    "type": "js"
  },
  {
    "fileName": "string-raw.js",
    "title": "JavaScript: String.raw()",
    "type": "js"
  },
  {
    "fileName": "string-repeat.js",
    "title": "JavaScript: String.repeat()",
    "type": "js"
  },
  {
    "fileName": "string-replace.js",
    "title": "JavaScript: String.replace()",
    "type": "js"
  },
  {
    "fileName": "string-search.js",
    "title": "JavaScript: String.search()",
    "type": "js"
  },
  {
    "fileName": "string-slice.js",
    "title": "JavaScript: String.slice()",
    "type": "js"
  },
  {
    "fileName": "string-split.js",
    "title": "JavaScript: String.split()",
    "type": "js"
  },
  {
    "fileName": "string-startswith.js",
    "title": "JavaScript: String.startsWith()",
    "type": "js"
  },
  {
    "fileName": "string-substr.js",
    "title": "JavaScript: String.substr()",
    "type": "js"
  },
  {
    "fileName": "string-substring.js",
    "title": "JavaScript: String.substring()",
    "type": "js"
  },
  {
    "fileName": "string-tolocalelowercase.js",
    "title": "JavaScript: String.toLocaleLowerCase()",
    "type": "js"
  },
  {
    "fileName": "string-tolocaleuppercase.js",
    "title": "JavaScript: String.toLocaleUpperCase()",
    "type": "js"
  },
  {
    "fileName": "string-tolowercase.js",
    "title": "JavaScript: String.toLowerCase()",
    "type": "js"
  },
  {
    "baseTmpl": "tmpl/live-js-tmpl.html",
    "fileName": "string-tostring.js",
    "title": "JavaScript: String.toString()",
    "type": "js"
  },
  {
    "fileName": "string-touppercase.js",
    "title": "JavaScript: String.toUpperCase()",
    "type": "js"
  },
  {
    "fileName": "string-trim.js",
    "title": "JavaScript: String.trim()",
    "type": "js"
  },
  {
    "fileName": "string-trimend.js",
    "title": "JavaScript: String.trimEnd()",
    "type": "js"
  },
  {
    "fileName": "string-trimstart.js",
    "title": "JavaScript: String.trimStart()",
    "type": "js"
  },
  {
    "baseTmpl": "tmpl/live-js-tmpl.html",
    "fileName": "string-valueof.js",
    "title": "JavaScript: String.valueOf()",
    "type": "js"
  }
]