[
  {
    "fileName": "number-epsilon.js",
    "title": "JavaScript: Number.EPSILON",
    "type": "js"
  },
  {
    "fileName": "number-isfinite.js",
    "title": "JavaScript: Number.isFinite()",
    "type": "js"
  },
  {
    "fileName": "number-isinteger.js",
    "title": "JavaScript: Number.isInteger()",
    "type": "js"
  },
  {
    "fileName": "number-isnan.js",
    "title": "JavaScript: Number.isNaN()",
    "type": "js"
  },
  {
    "fileName": "number-issafeinteger.js",
    "title": "JavaScript: Number.isSafeInteger()",
    "type": "js"
  },
  {
    "fileName": "number-maxsafeinteger.js",
    "title": "JavaScript: Number.MAX_SAFE_INTEGER",
    "type": "js"
  },
  {
    "fileName": "number-maxvalue.js",
    "title": "JavaScript: Number.MAX_VALUE",
    "type": "js"
  },
  {
    "fileName": "number-min-safe-integer.js",
    "title": "JavaScript: Number.MIN_SAFE_INTEGER",
    "type": "js"
  },
  {
    "fileName": "number-min-value.js",
    "title": "JavaScript: Number.MIN_VALUE",
    "type": "js"
  },
  {
    "fileName": "number-nan.js",
    "title": "JavaScript: Number.NaN",
    "type": "js"
  },
  {
    "fileName": "number-negative-infinity.js",
    "title": "JavaScript: Number.NEGATIVE_INFINITY",
    "type": "js"
  },
  {
    "fileName": "number-parsefloat.js",
    "title": "JavaScript: Number.parseFloat()",
    "type": "js"
  },
  {
    "fileName": "number-parseint.js",
    "title": "JavaScript: Number.parseInt()",
    "type": "js"
  },
  {
    "fileName": "number-positive-infinity.js",
    "title": "JavaScript: Number.POSITIVE_INFINITY",
    "type": "js"
  },
  {
    "fileName": "number-toexponential.js",
    "title": "JavaScript: Number.toExponential()",
    "type": "js"
  },
  {
    "fileName": "number-tofixed.js",
    "title": "JavaScript: Number.toFixed()",
    "type": "js"
  },
  {
    "fileName": "number-tolocalestring.js",
    "title": "JavaScript: Number.toLocaleString()",
    "type": "js"
  },
  {
    "fileName": "number-toprecision.js",
    "title": "JavaScript: Number.toPrecision()",
    "type": "js"
  },
  {
    "fileName": "number-tostring.js",
    "title": "JavaScript: Number.toString()",
    "type": "js"
  },
  {
    "fileName": "number-valueof.js",
    "title": "JavaScript: Number.valueOf()",
    "type": "js"
  }
]